accuracy,precision,recall,f1,roc_auc,pr_auc,tp,tn,fp,fn,threshold
0.9993127268882388,0.7857142857142857,0.8105263157894737,0.7979274611398963,0.979246150715972,0.8112889763789064,77,56630,21,18,0.1
0.9994184612131252,0.8369565217391305,0.8105263157894737,0.8235294117647058,0.979246150715972,0.8112889763789064,77,56636,15,18,0.2
0.9994713283755683,0.8735632183908046,0.8,0.8351648351648352,0.979246150715972,0.8112889763789064,76,56640,11,19,0.3
0.9994360836006062,0.8705882352941177,0.7789473684210526,0.8222222222222222,0.979246150715972,0.8112889763789064,74,56640,11,21,0.4
0.9994184612131252,0.8690476190476191,0.7684210526315789,0.8156424581005587,0.979246150715972,0.8112889763789064,73,56640,11,22,0.5
0.9995065731505305,0.9240506329113924,0.7684210526315789,0.8390804597701149,0.979246150715972,0.8112889763789064,73,56645,6,22,0.6
0.9995418179254926,0.948051948051948,0.7684210526315789,0.8488372093023255,0.979246150715972,0.8112889763789064,73,56647,4,22,0.7
0.9995594403129736,0.9605263157894737,0.7684210526315789,0.8538011695906432,0.979246150715972,0.8112889763789064,73,56648,3,22,0.8
0.9995418179254926,0.96,0.7578947368421053,0.8470588235294118,0.979246150715972,0.8112889763789064,72,56648,3,23,0.9
